time,open,high,low,close
2009-10-05,0.00076392,0.00120045,0.00076392,0.00115338
2009-10-12,0.00110205,0.00124491,0.00110205,0.00122546
2009-10-19,0.00124799,0.00128808,0.00121062,0.00128808
2009-10-26,0.00126622,0.00128455,0.00121911,0.00121911
2009-11-02,0.00125614,0.00130618,0.00125614,0.00126048
2009-11-09,0.00126048,0.00135534,0.00123576,0.00123576
2009-11-16,0.00118912,0.00118912,0.00105922,0.00105922
2009-11-23,0.00100038,0.00100038,0.00082926,0.00082926
2009-11-30,0.00082384,0.00082384,0.00073284,0.00073284
2009-12-07,0.00071822,0.00071822,0.00061788,0.00061788
2009-12-14,0.00061487,0.00063024,0.00061337,0.0006271
2009-12-21,0.0006271,0.0006334,0.0006271,0.0006334
2009-12-28,0.0006334,0.00071822,0.0006334,0.00071822
2010-01-04,0.00071822,0.00071822,0.00071822,0.00071822
2010-01-11,0.00071822,0.00283078,0.00071822,0.00280002
2010-01-18,0.00294594,0.00325203,0.00273583,0.00325203
2010-01-25,0.00325404,0.0033661,0.00318532,0.00329826
2010-02-01,0.00329674,0.00373511,0.00329674,0.00373511
2010-02-08,0.00379478,0.00405351,0.00379478,0.00405351
2010-02-15,0.00414731,0.00466157,0.00414731,0.00466157
2010-02-22,0.0047061,0.00529801,0.0047061,0.00529801
2010-03-01,0.00539695,0.00547226,0.00539695,0.00547226
2010-04-19,0.003,0.003,0.003,0.003
2010-04-26,0.003,0.003,0.003,0.003
2010-05-03,0.003,0.0043,0.003,0.0035
2010-05-10,0.0039,0.0044,0.0039,0.004
2010-05-17,0.0047,0.0049,0.0043,0.0045
2010-05-24,0.0048,0.0048,0.0045,0.0045
2010-06-07,0.0046,0.005,0.0045,0.005
2010-06-14,0.005,0.005,0.005,0.005
2010-06-21,0.005,0.0054,0.0044,0.0044
2010-06-28,0.005,0.0068,0.0044,0.0068
2010-07-05,0.0055,0.0084,0.0055,0.007
2010-07-12,0.012,0.0925,0.01,0.08584
2010-07-19,0.0909,0.09307,0.05049,0.0505
2010-07-26,0.05,0.0699,0.05,0.0611
2010-08-02,0.0625,0.065,0.057,0.0609
2010-08-09,0.06091,0.07541,0.0593,0.06529
2010-08-16,0.06319,0.0769,0.0612,0.066
2010-08-23,0.066,0.06689,0.063,0.064
2010-08-30,0.0646,0.069,0.03211,0.0616
2010-09-06,0.0627,0.065,0.06014,0.0615
2010-09-13,0.062,0.175,0.05761,0.0627
2010-09-20,0.0621,0.0634,0.06147,0.062
2010-09-27,0.06205,0.06271,0.061,0.06111
2010-10-04,0.06119,0.1301,0.01,0.0965
2010-10-11,0.091,0.119,0.065,0.102
2010-10-18,0.103,0.19,0.094,0.11501
2010-10-25,0.09009,0.199,0.09009,0.1925
2010-11-01,0.1925,0.5,0.125,0.34
2010-11-08,0.3459,0.37,0.14,0.27904
2010-11-15,0.27904,0.29,0.2116,0.27675
2010-11-22,0.27679,0.289,0.269,0.27
2010-11-29,0.279,0.279,0.19,0.19
2010-12-06,0.225,0.2477,0.1701,0.22
2010-12-13,0.21,0.255,0.21,0.2401
2010-12-20,0.2401,0.275,0.24,0.265
2010-12-27,0.251,0.301,0.251,0.29997
2011-01-03,0.29,0.323,0.289,0.323
2011-01-10,0.32291,0.45,0.3175,0.38679
2011-01-17,0.38679,0.4443,0.305,0.4424
2011-01-24,0.4424,0.48,0.381,0.4799
2011-01-31,0.47981,0.95,0.47,0.8975
2011-02-07,0.89968,1.1,0.8,1.05
2011-02-14,1.04,1.085,0.78009,0.85
2011-02-21,0.8313,1,0.8313,0.89
2011-02-28,0.89009,0.97,0.81,0.8999
2011-03-07,0.87,0.9329,0.846,0.89249
2011-03-14,0.89249,0.9,0.70999,0.74108
2011-03-21,0.76145,0.905,0.7405,0.822
2011-03-28,0.82,0.85,0.76,0.779
2011-04-04,0.777,0.799,0.5619,0.7369
2011-04-11,0.73752,1.14,0.7103,1.1123
2011-04-18,1.13888,1.95,1.1103,1.6311
2011-04-25,1.631,4.14996,1.52109,3.03311
2011-05-02,3.0988,3.937,3.029,3.8659
2011-05-09,3.8696,8.9,3.6905,6.98701
2011-05-16,6.9899,8.5,5.5772,6.6901
2011-05-23,6.6901,9.33,6.68999,8.4299
2011-05-30,8.4483,18.998,8.1,16.7
2011-06-06,16.7,31.9099,10.25,18.5464
2011-06-13,18.5479,24.5,13,17.51
2011-06-27,16.45001,18,15,15.44049
2011-07-04,15.4407,16.5,11,14.9
2011-07-11,14.9,15.1999,13.021,13.16
2011-07-18,13.16,14.7,12.51,13.98001
2011-07-25,13.98001,14.8999,12.82922,13.35
2011-08-01,13.3503,13.5501,5.742,7.9
2011-08-08,7.9,12.1,7.055,10.7957
2011-08-15,10.7921,11.89,10.661,11.31125
2011-08-22,11.31125,11.501,7.642,9.07011
2011-08-29,9.07021,9.27027,7.85,8.17798
2011-09-05,8.12796,8.19142,4.18,5.86435
2011-09-12,5.94,6.58212,4.44,5.2
2011-09-19,5.2021,6.795,4.9,5.33
2011-09-26,5.32999,5.4,4.625,5.02701
2011-10-03,5.02701,5.0399,3.7819,4.10288
2011-10-10,4.1,4.45,3.4,3.55701
2011-10-17,3.55711,3.74,2.0401,3.17
2011-10-24,3.127,3.82717,2.44034,3.27
2011-10-31,3.275,3.35,2.85,2.95959
2011-11-07,2.95913,3.21,2.80011,2.99686
2011-11-14,2.99573,2.99573,1.994,2.2
2011-11-21,2.2,2.56,2.17,2.47991
2011-11-28,2.47991,3.14,2.44,2.82809
2011-12-05,2.82806,3.38,2.7807,3.2511
2011-12-12,3.25001,3.2901,2.99401,3.193
2011-12-19,3.193,4.5,3.18933,4.225
2011-12-26,4.225,5.4999,3.81,5.26766
2012-01-02,5.26346,7.22,4.65,7.11358
2012-01-09,7.08362,7.191,5.81,7.00177
2012-01-16,7.00177,7.18888,4.64,6.3097
2012-01-23,6.3096,6.39397,5.05,5.3809
2012-01-30,5.38,6.2,5.36694,5.68881
2012-02-06,5.659,6,5.3,5.51468
2012-02-13,5.51468,5.72,3.878,4.38669
2012-02-20,4.36102,5.19778,4.212,4.922
2012-02-27,4.922,5,4.51,4.82001
2012-03-05,4.82003,5.07,4.753,4.91
2012-03-12,4.90891,5.45,4.8561,5.27943
2012-03-19,5.2553,5.3099,4.3,4.55001
2012-03-26,4.55001,4.95,4.49,4.827
2012-04-02,4.78207,5.08,4.62,4.79252
2012-04-09,4.7899,5.03,4.73001,4.96892
2012-04-16,4.969,5.48,4.90988,5.20352
2012-04-23,5.20406,5.21799,4.84634,4.90441
2012-04-30,4.9138,5.184,4.87003,5.04991
2012-05-07,5.05,5.125,4.801,4.92996
2012-05-14,4.95089,5.15,4.9,5.09002
2012-05-21,5.1,5.165,5.04951,5.13896
2012-05-28,5.13,5.279,5.015,5.2051
2012-06-04,5.21999,5.66,5.18001,5.46829
2012-06-11,5.46829,6.599,5.4324,6.16382
2012-06-18,6.2,6.8,6.03,6.35002
2012-06-25,6.35002,6.694,6.21748,6.62898
2012-07-02,6.6001,6.87,6.4,6.79898
2012-07-09,6.7915,7.9,6.74257,7.62101
2012-07-16,7.62277,9.7,7.3215,8.4096
2012-07-23,8.4321,9.2,7.75,8.71027
2012-07-30,8.71027,11.3,8.7,10.86998
2012-08-06,10.86987,12,10.63539,11.62399
2012-08-13,11.6239,15.4,7.58,8
2012-08-20,7.99999,10.62611,7.81011,10.61
2012-08-27,10.59,12.14999,9.66,10.2041
2012-09-03,10.21,11.29,10.08889,11.02
2012-09-10,11.02,11.99,10.78,11.87
2012-09-17,11.87,12.68666,11.6304,12.19331
2012-09-24,12.151,12.49,11.95105,12.4
2012-10-01,12.35,13.0899,11.7,11.80001
2012-10-08,11.89901,12.35,10.621,11.7389
2012-10-15,11.57621,11.99,11.43,11.63107
2012-10-22,11.63108,12,9.74,10.69998
2012-10-29,10.69998,11.279,10.3209,10.80011
2012-11-05,10.80011,11.21603,10.61,10.8687
2012-11-12,10.84001,11.832,10.76666,11.65152
2012-11-19,11.66468,12.6,11.57297,12.4821
2012-11-26,12.48211,12.68778,11.89,12.50004
2012-12-03,12.50202,13.59,12.42,13.29
2012-12-10,13.388,13.90119,13,13.30002
2012-12-17,13.3,13.72,12.74919,13.31202
2012-12-24,13.3718,13.67,13.14,13.45001
2012-12-31,13.39112,13.561,13.16123,13.45395
2013-01-07,13.51394,14.34999,13.404,14.11601
2013-01-14,14.19,15.985,13.99178,15.7
2013-01-21,15.7,19.18999,15.38613,17.81821
2013-01-28,17.81821,21.43,17.75,20.59
2013-02-04,20.59999,24.11,19.85502,23.96975
2013-02-11,23.96975,27.5969,21.721,26.8146
2013-02-18,26.89999,31.3,26.36268,29.88999
2013-02-25,29.89,34.9,29.55,34.49999
2013-03-04,34.49999,49.099,33.3,46
2013-03-11,46,48.469,36.65,47.4
2013-03-18,47.4,74.9,47.12009,71.5
2013-03-25,71.50001,95.7,69.51777,93.03001
2013-04-01,93.25,164.9,92.2361,162.30102
2013-04-08,163.83899,266,54.25,89.99999
2013-04-15,90,136.4321,50.01,119.2
2013-04-22,118.5,166.43438,118.5,134.44444
2013-04-29,134.4,149.08,79,115.98
2013-05-06,115.9372,124.9,97.52,114.82002
2013-05-13,114.82,125.5555,103.01847,122.5
2013-05-20,122.5,136,120.1,133.5
2013-05-27,133.5,135.47,115,122.5
2013-06-03,122.49962,123.99,88,100.43743
2013-06-10,101,112.25,95,99.9
2013-06-17,99.9,115.005,98.9,108.2
2013-06-24,107.60002,109.98,92.25,97.51
2013-07-01,97.50888,98.1801,65.42448,76.5
2013-07-08,76.5,104.17188,72.46,94.41986
2013-07-15,94.33999,101.94,86.2,91.998
2013-07-22,91.98,100.5771,89.8,98.78002
2013-07-29,98.78009,111.65202,98.45,105.12
2013-08-05,105.12,107.77,100.95969,105
2013-08-12,105,115,103.5,113.38
2013-08-19,113.395,125,111.771,122.11102
2013-08-26,122.111,148.7,119.91611,146.01003
2013-09-02,146.01005,148.90893,121.25,126.31501
2013-09-09,126.31502,145.9,124,138.3002
2013-09-16,138.4,142.23,131,134.00001
2013-09-23,134.9,145.81,132,143.88402
2013-09-30,143.89402,145.81,109.7,137.8
2013-10-07,137.01002,147.65,135.12,147.53
2013-10-14,147.53,195.83267,144.20004,186.12
2013-10-21,186.12,233.4,175.30001,207.0001
2013-10-28,207.5,226.959,200.42,224.01001
2013-11-04,224.7,395,222,336.33101
2013-11-11,341.0302,536.777,321.41,528.31991
2013-11-18,528,900.97998,453.29,795
2013-11-25,795.00166,1242,758.95852,1004.42392
2013-12-02,1005,1240,576,804.00001
2013-12-09,810.98,1067.99999,787.75,920
2013-12-16,916,925,455,629
2013-12-23,629,764,617.61,728.3
2013-12-30,726.38,939.8,710.02,910
2014-01-06,909.71,995,765,827.24
2014-01-13,827.24,850.25,765.03,835.9
2014-01-20,836,844.99,767.23,812.5
2014-01-27,812.7,829,726.5,814
2014-02-03,812.05,829,620,694
2014-02-10,693.5,721.35,450.13,625
2014-02-17,625,664,530,607
2014-02-24,606.9999,609,400,565.37191
2014-03-03,566,719.25,563,638.5
2014-03-10,638.52,654,606,633
2014-03-17,632,632.5,550.09,558
2014-03-24,557.8884,593.25,436.2,460.9999
2014-03-31,460.6,513.9,415.46,458.78
2014-04-07,458.5,461,340,418
2014-04-14,417.6,547,406.4,500.9501
2014-04-21,501.3551,515.646,427.55,429.99
2014-04-28,429.99,463.53,423.11,435.0413
2014-05-05,438.587999,459.65,419.4,437.97
2014-05-12,437.45,453,431.8,447.4
2014-05-19,447.6,586,444.1,573.99
2014-05-26,574.55,680,551,626.42
2014-06-02,631.97,685,615,658.7
2014-06-09,658.7,672,522.15,593.89
2014-06-16,593.61,619.6,582.1,603.4
2014-06-23,603.39,607.21,560.53,601.95
2014-06-30,601.5,665,598.4,637.38
2014-07-07,637.76,642.79,608.43,629.49
2014-07-14,629.6,633.6,611.21,624
2014-07-21,624,624.95,589,591.55
2014-07-28,591.5,605.72,561.47,585.71
2014-08-04,587,598.88,574.01,588.61
2014-08-11,587.97,588.7,451,497.4
2014-08-18,497.57,534.89,443,510.82
2014-08-25,511.41,522.8,471.65,477.81
2014-09-01,477.84,497.24,468.82,479.88
2014-09-08,479.88,489.99,463,476.5
2014-09-15,477.12,480.3,381.5,399.21
2014-09-22,400.03,447.11,365,376.7
2014-09-29,375.93,398.7,275,319.9
2014-10-06,319.9,387.13,301,378.05
2014-10-13,378.05,414.42,368.24,388.02
2014-10-20,388.08,394,337.65,353.01
2014-10-27,353.07,359.47,315.54,323.82
2014-11-03,323.8,364.12,321,362.61
2014-11-10,362.6,475,356.33,391.65
2014-11-17,391.8,413.48,340,368.25
2014-11-24,368,396.87,355.51,379.89
2014-12-01,379.67,387.99,366.1,376.02
2014-12-08,376.29,378.34,335.7,353.65
2014-12-15,353.7,354.6,302.32,320.79
2014-12-22,321.19,337.79,310,316.94
2014-12-29,316.96,322.9,255.03,264.19
2015-01-05,264.04,303.33,263.75,267.27
2015-01-12,267.54,274.44,166.45,211.03
2015-01-19,210.98,259.39,203.7,254.73
2015-01-26,254.72,315,211.02,226.92
2015-02-02,226.86,248.42,210.12,223.85
2015-02-09,224.13,268.54,214,235.88
2015-02-16,235.34,248.98,228.62,236.5
2015-02-23,236.5,266.91,232.61,262.4
2015-03-02,262.47,294,258.98,275.59
2015-03-09,275.58,303.96,275.01,286.9
2015-03-16,286.71,295.2,246.98,268.82
2015-03-23,268.6,271.5,235.7,242.74
2015-03-30,242.9,261.25,236.24,260.5
2015-04-06,260.75,262.45,230.75,236.38
2015-04-13,236.21,237.7,216.37,222.16
2015-04-20,222.28,238.99,213.92,219.7
2015-04-27,219.73,243.73,218.24,240.57
2015-05-04,240.69,249.22,226.42,240.73
2015-05-11,240.8,245.49,232.1,236.15
2015-05-18,236.25,242.98,229,240.96
2015-05-25,240.92,241.12,227,228.7
2015-06-01,228.38,230.89,219.71,223.26
2015-06-08,223.29,235.44,223.25,233.54
2015-06-15,233.5,259.1,233.35,244.25
2015-06-22,244.25,252.06,239,248.71
2015-06-29,248.71,275.88,248.57,271.96
2015-07-06,271.82,316.23,262.61,311.14
2015-07-13,311.14,312,272,275.04
2015-07-20,275.04,294.57,273.5,293.01
2015-07-27,293,298.93,276.26,282.44
2015-08-03,282.44,287.05,260.62,265.58
2015-08-10,265.69,273.75,256.5,259.9
2015-08-17,259.9,262.37,162,228.53
2015-08-24,228.1,238.9,196.6,229.99
2015-08-31,229.99,248.48,225.31,240.97
2015-09-07,241,247.68,228.95,230.96
2015-09-14,231.11,236.26,227.33,232.12
2015-09-21,232.11,237.7,224.25,233.37
2015-09-28,233.37,241.5,233.37,239.5
2015-10-05,239.47,249.01,236.24,247.99
2015-10-12,247.92,275.19,244,265.01
2015-10-19,265.29,295.99,262.35,284.79
2015-10-26,284.7,336,282.25,330.23
2015-11-02,330.23,504,326.8,374.1
2015-11-09,374.52,388.99,300.28,320.52
2015-11-16,320.8,342.5,309.46,324.66
2015-11-23,324.66,376,315.55,373.89
2015-11-30,373.84,407.57,346.13,390.6
2015-12-07,390.88,475.04,384.53,433.36
2015-12-14,432.91,469.99,427.3,442.62
2015-12-21,442.62,460.05,405.5,422.32
2015-12-28,421.82,436.49,412.5,428.39
2016-01-04,428.63,465,425.03,449.35
2016-01-11,449.34,452.49,352.5,382.02
2016-01-18,382.11,428,371.25,402.77
2016-01-25,402.76,402.77,360.03,365.52
2016-02-01,365.58,393.89,363.23,372.01
2016-02-08,372.26,408.66,369.01,408.3
2016-02-15,408.3,451.6,395.23,440.49
2016-02-22,440.49,442.67,409.69,434.45
2016-02-29,434.46,445,389,403.75
2016-03-07,403.77,423.6,401.51,411.87
2016-03-14,412,420.6,403.01,411.25
2016-03-21,410.81,431,406,427.36
2016-03-28,427.34,427.99,406.51,420.6
2016-04-04,420.99,425,412,421.32
2016-04-11,421.32,435.67,418.8,428.51
2016-04-18,428.51,464.99,426.52,463.02
2016-04-25,463.33,471.99,435,451.11
2016-05-02,451.12,466,436,459.87
2016-05-09,459.88,465.4,445.01,457.89
2016-05-16,457.95,458.95,433,437.48
2016-05-23,437.4,570,436.51,531
2016-05-30,529.97,593.89,518,574.02
2016-06-06,574.01,685,561.3,672
2016-06-13,671.98,789.78,656.51,767.3
2016-06-20,767.31,767.77,555.56,639.4175
2016-06-27,632.50975,704.3075,624.1025,659.085
2016-07-04,659.7,682.665,609.87225,650.315
2016-07-11,650.9325,684.435,644.43375,680.4525
2016-07-18,680.0625,683.965,645.30375,662.4515
2016-07-25,661.565,663.69625,619.6275,624.22
2016-08-01,624.125,628.249,470.91,594.2525
2016-08-08,594.3775,601.7725,562.2075,571.5025
2016-08-15,571.4975,583.7725,559.56475,580.055
2016-08-22,580.01,588.46575,566.51025,574.41075
2016-08-29,575.1475,613.675,568.329,608.2625
2016-09-05,609.40725,630.665,593.3805,607.069
2016-09-12,607.26975,612.56375,604.01075,610.09475
2016-09-19,610.3325,611.7125,592.1705,600.1595
2016-09-26,600.152,616.19225,598.71,610.80925
2016-10-03,610.7945,619.613,607.24275,615.745
2016-10-10,615.34775,642.86125,614.28475,640.9375
2016-10-17,640.54275,661.335,624.7885,651.99325
2016-10-24,651.34,721.9625,644.24425,698.44925
2016-10-31,698.2025,747,672.69175,713.39925
2016-11-07,713.2775,743.2425,684.67925,702.0125
2016-11-14,702.34475,756.495,696.59275,729.02925
2016-11-21,729.2925,750.7635,724.6975,728.71
2016-11-28,728.69875,779.274,726.5025,766.17
2016-12-05,766.1575,776.41375,745.3145,770.61025
2016-12-12,770.52125,792.245,769.03025,790.95525
2016-12-19,790.16025,921.225,787.9025,895.14225
2016-12-26,895.0725,1004.635,890.795,996.34775
2017-01-02,997.19425,1158.945,809.835,915.99975
2017-01-09,914.73525,922.7475,748.49525,827.50975
2017-01-16,827.24275,941.0775,822.19875,926.2425
2017-01-23,925.8625,928.8725,881.5165,914.968
2017-01-30,915.325,1044.20525,912.925,1014.2965
2017-02-06,1013.4025,1078.3975,931.739,1004.87925
2017-02-13,1004.88075,1070.4535,983.1975,1055.5025
2017-02-20,1055.4995,1217.57325,1047.31775,1178.2475
2017-02-27,1178.6,1293.585,1160.45225,1273.486
2017-03-06,1272.6525,1336.4955,969.965,1229.79725
2017-03-13,1229.62975,1263.815,934.00025,1016.50675
2017-03-20,1012.5125,1118.074,888.84775,965.52375
2017-03-27,964.7975,1112.77625,955.56325,1101.72725
2017-04-03,1101.12275,1218.84,1100.77525,1209.5625
2017-04-10,1208.9825,1232.5605,1101.26425,1174.827
2017-04-17,1174.736,1255.5,1170.4775,1246.07
2017-04-24,1246.515,1366.5875,1238.65425,1362.02675
2017-05-01,1360.16525,1639.1525,1347.69,1567.7285
2017-05-08,1568.2035,1887.904,1562.633,1791.51
2017-05-15,1791.0425,2088.01675,1683.3425,2027.914
2017-05-22,2026.94175,2766.83425,1871.6825,2194.89325
2017-05-29,2192.41325,2590.45075,2113.20025,2523.05775
2017-06-05,2523.6295,2964.112,2519.335,2959.51975
2017-06-12,2959.5215,2975.7475,2076.18475,2512.4655
2017-06-19,2513.206,2778.4875,2424.8675,2498.21975
2017-06-26,2498.899,2598.565,2264.655,2508.61025
2017-07-03,2507.23275,2638.635,2466.22025,2502.82275
2017-07-10,2503.035,2523.43875,1799.3,1910.16225
2017-07-17,1909.64,2944.9775,1905.6255,2756.4875
2017-07-24,2758.61,2830.9035,2404.6555,2753.8375
2017-07-31,2754.68475,3339.1875,2632.8575,3224.683
2017-08-07,3223.681,4199.2975,3186.7875,4061.17
2017-08-14,4061.17,4475.5,3812.4975,4059.4735
2017-08-21,4058.90275,4462.2225,3600.8675,4339.2825
2017-08-28,4338.187,4977.475,4189.9045,4621.195
2017-09-04,4620.55,4683.76,4086.6375,4252.04
2017-09-11,4252.0875,4381.0175,2974.3825,3704.605
2017-09-18,3704.5475,4125.9075,3514.9325,3668.48
2017-09-25,3668.5025,4391.0525,3665.845,4386.1175
2017-10-02,4385.195,4612.025,4146.9675,4598.9925
2017-10-09,4599.5925,5859.43,4551.75,5687.0025
2017-10-16,5686.3575,6181.9725,5104.475,5986.655
2017-10-23,5982.465,6280.1925,5379.4275,6135.035
2017-10-30,6135.395,7596.1975,6027.52,7384.79
2017-11-06,7383.5975,7881.0075,5495.165,5871.5225
2017-11-13,5861.4375,8071.2425,5824,8023.845
2017-11-20,8023.8475,9456.4,7787.0975,9288.17
2017-11-27,9290.1525,11834.5025,9082.85,11251.5775
2017-12-04,11253.3025,17330.155,10914.075,15037.4975
2017-12-11,15037.47,19804.2475,14987.5725,19128.2725
2017-12-18,19128.3225,19302.2525,10843.9825,14059.955
2017-12-25,14047.4525,16506.43,12290.96,13888.3225
2018-01-01,13888.35,17222.6125,12900.97,16144.1975
2018-01-08,16153.8125,16238.775,12814.5025,13660.4225
2018-01-15,13660.3975,14342.38,9144.25,11541.66
2018-01-22,11533.6325,11898.32,9953.385,11621.1475
2018-01-29,11618.87,11699.0775,7593.5625,8163.0125
2018-02-05,8164.595,9082.45,5893.765,8067.4975
2018-02-12,8072.7625,11294.475,8067.6425,10408.5275
2018-02-19,10413.595,11773.775,9296.2125,9590.7575
2018-02-26,9592.1075,11509.25,9391.51,11478.115
2018-03-05,11479.9675,11662.5375,8376.5,9531.515
2018-03-12,9534.0825,9894.975,7314.8425,8190.1825
2018-03-19,8194.5075,9182.975,8101.545,8452.075
2018-03-26,8453.6575,8498.3575,6442.2625,6812.6375
2018-04-02,6815.535,7514.135,6511.6675,7021.1225
2018-04-09,7026.335,8411.2475,6612.285,8357.55
2018-04-16,8360.46,9043.8175,7812.28,8799.1925
2018-04-23,8793,9757.9425,8630.5725,9396.8725
2018-04-30,9396.505,9949.775,8823.3,9607.08
2018-05-07,9606.715,9624.7525,8219.11,8691.595
2018-05-14,8693.46,8891.7075,7927.11,8517.3525
2018-05-21,8520.1,8589.4975,7215.575,7342.2625
2018-05-28,7342.575,7784.65,7047.96,7709.2075
2018-06-04,7711.3325,7756.5175,6632.975,6772.345
2018-06-11,6772.42,6911.7725,6125.01,6446.43
2018-06-18,6448.17,6839.0425,5743.85,6150.87
2018-06-25,6149.29,6521.69,5784.4,6347.705
2018-07-02,6346.33,6837.65,6270.845,6703.5375
2018-07-09,6702.955,6807.3775,6073.8275,6345.355
2018-07-16,6349.0475,7682.6725,6331.6,7398.9675
2018-07-23,7397.8875,8489.015,7375.7025,8215.66
2018-07-30,8214.5025,8279.9475,6884.995,7030.395
2018-08-06,7028.605,7166.2075,5995.65,6314.31
2018-08-13,6313.935,6634.1475,5889,6484.53
2018-08-20,6485.1425,6903.49,6226.955,6706.6875
2018-08-27,6704.3025,7331.395,6649.35,7291.145
2018-09-03,7293.19,7407.38,6174.7175,6289.405
2018-09-10,6275.6375,6556.87,6224.24,6487.8875
2018-09-17,6473.68,6736.59,6176.1775,6638.72
2018-09-24,6624.075,6708.9725,6339.925,6565.645
2018-10-01,6550.5825,6602.4075,6397.16,6572.825
2018-10-08,6572.1375,6670.28,6051.4775,6182.4575
2018-10-15,6182.325,6788.75,6150.965,6412.975
2018-10-22,6413.2125,6468.92,6355.14,6405.5225
2018-10-29,6405.1675,6465.9925,6201.48,6422.5075
2018-11-05,6425.5625,6544.225,6272.6775,6358.58
2018-11-12,6357.94,6384.7625,5198.475,5560.145
2018-11-19,5557.3375,5559.6325,3465.1275,3935.5125
2018-11-26,3934.365,4418.2775,3516.245,4102.0975
2018-12-03,4101.76,4117.88,3209.9275,3532.5225
2018-12-10,3531.07,3591.6675,3124.5125,3192.87
2018-12-17,3193.15,4175.0175,3183.1525,3944.385
2018-12-24,3945.94,4238.61,3566.69,3831.0375
2018-12-31,3831.2325,4085.235,3624.6325,4040.9525
2019-01-07,4040.925,4113.205,3454.2175,3514.2175
2019-01-14,3515.37,3812.475,3473.4275,3534.25
2019-01-21,3535.4675,3662.0075,3422.5425,3531.82
2019-01-28,3531.8075,3536.2175,3331.09,3415.1975
2019-02-04,3415.5825,3709.55,3334.485,3648.38
2019-02-11,3649.3475,3672.3025,3533.8025,3625.62
2019-02-18,3625.6925,4189.02,3616.5225,3732.395
2019-02-25,3733.3925,3901.195,3654.1475,3787.94
2019-03-04,3787.995,3948.115,3672.0725,3898.95562045
2019-03-11,3899.7175,4039.2475,3780.2225,3965.74
2019-03-18,3965.7975,4058.8625,3905.785,3970.085
2019-03-25,3969.7925,4130.43,3855.625,4095.32
2019-04-01,4094.2825,5348.0025,4052.07,5193.965
2019-04-08,5194.5225,5472.3,4909.4075,5161.725
2019-04-15,5161.635,5360.6425,4946.7275,5296.6375
2019-04-22,5296.14,5641.495,4821.9125,5157.275
2019-04-29,5155.0925,5842.5525,5070.6625,5714.345
2019-05-06,5716.1625,7583.4125,5565.1925,6976.065
2019-05-13,6970.955,8382.2375,6511.1025,8196.835
2019-05-20,8195.7525,8792.645,7469.0775,8737.8225
2019-05-27,8737.1525,9093.925,7990.2,8739.8225
2019-06-03,8737.2425,8745.0475,7431.4175,7638.2825
2019-06-10,7630.8825,9389.2075,7522.6825,8978.795
2019-06-17,8975.545,11254.715,8927.7925,10830.4725
2019-06-24,10826.6,13870.6275,10299.75,10754.915
2019-07-01,10756.975,12060.64,9646.02,11475.0375
2019-07-08,11478.405,13196.8325,10136.125,10299.7
2019-07-15,10296.7475,11141.285,9073.385,10594.06
2019-07-22,10595.26,10690.0325,9112.6225,9530.3275
2019-07-29,9536.545,11084.9425,9364.8125,10977.9675
2019-08-05,10980.5325,12326.6025,10979.3825,11530.865
2019-08-12,11536.2775,11552.0775,9476.2725,10319.71
2019-08-19,10319.355,10954.37,9756.5875,10136.39
2019-08-26,10143.4875,10671.6025,9309.9575,9768.0175
2019-09-02,9768.075,10951.85,9753.375,10403.6725
2019-09-09,10396.9375,10537.5575,9865.0025,10309.045
2019-09-16,10311.38,10379.8825,9603.04,10026.9475
2019-09-23,10027.4225,10048.11,7723.61,8052.3225
2019-09-30,8058.2875,8534.375,7694.05,7859.23
2019-10-07,7862.8675,8847.7775,7767.4025,8280.48
2019-10-14,8279.3375,8417.52,7815.45,8234.765
2019-10-21,8235.9125,10520.2475,7291.8075,9549.05
2019-10-28,9559.325,9939.62,8955.9075,9205.705
2019-11-04,9206.825,9596.625,8666.5075,9033.985
2019-11-11,9035.32,9069.11,8366.9325,8500.63
2019-11-18,8500.9325,8503.1525,6777.6175,6908.4475
2019-11-25,6906.5825,7867.225,6522.48,7403.8775
2019-12-02,7407.6975,7792.265,7081.72,7523.3275
2019-12-09,7520.8875,7660.845,7008.8775,7114.98
2019-12-16,7114.755,7525.115,6430.145,7511.47
2019-12-23,7517.5525,7690.6175,7025.6275,7387.9625
2019-12-30,7382.7925,7491.835,6857.05,7352.6925
2020-01-06,7351.62,8465.065,7343.53,8178.0025
2020-01-13,8180.7775,9187.0675,8029.4375,8700.1475
2020-01-20,8700.5775,8791.005,8217.7925,8590.48
2020-01-27,8596.5925,9569.5,8557.0475,9324.0225
2020-02-03,9319.475,10177.09,9077.93,10167.7075
2020-02-10,10166.69,10514.2025,9617.6525,9922.8975
2020-02-17,9921.6375,10306.265,9307.4275,9968.39
2020-02-24,9970.12,10026.365,8406.2525,8527.415
2020-03-02,8521.375,9217.95,8000.2,8036.475
2020-03-09,8037.4375,8186.585,3880.5875,5343.135
2020-03-16,5346.805,7027.6625,4407.18,5824.085
2020-03-23,5817.7525,6983.76,5686.91,5876.4525
2020-03-30,5878.2075,7267.625,5854.3525,6777.015
2020-04-06,6777.865,7469.58,6751.2875,6906.54
2020-04-13,6906.2925,7304.32,6469.8825,7130.2775
2020-04-20,7128.3575,7774.8625,6755.955,7703.1325
2020-04-27,7706.215,9481.3425,7634.8975,8908.385
2020-05-04,8913.4975,10078.3,8086.295,8726.06
2020-05-11,8730.695,9946.5675,8189,9670.7075
2020-05-18,9681.9,9956.7475,8672.7825,8716.09
2020-05-25,8712.855,9754.3975,8636.7325,9448.95
2020-06-01,9446.96,10413.065,9241.5475,9752.5925
2020-06-08,9756.0075,10010.6675,9065.3425,9329.6975
2020-06-15,9330.565,9591.99,8900.6275,9285.9675
2020-06-22,9287.1825,9789.2375,8820.86,9116.235
2020-06-29,9116.4575,9298.875,8909.995,9078.89
2020-07-06,9078.75,9481.8975,9063.265,9302.385
2020-07-13,9303.9125,9351.015,9021.5525,9213.99
2020-07-20,9215.165,10184.4275,9131.4275,9942.845
2020-07-27,9942.1375,12123.25,9935.68,11066.14
2020-08-03,11071.575,11920.0825,10895.7775,11687.8175
2020-08-10,11688.64,12087.03,11128.875,11918.0375
2020-08-17,11920.0225,12479.03,11366,11650.9875
2020-08-24,11653.5025,11826.32,11113.87,11713.08
2020-08-31,11714.0825,12072.2525,9849.325,10258.09
2020-09-07,10258.355,10579.535,9836.43,10335.125
2020-09-14,10336.025,11180.7775,10252.8975,10921.11
2020-09-21,10920.915,10993.4575,10136.78,10777.975
2020-09-28,10779.07,10952.065,10376.45,10673.18
2020-10-05,10671.41,11496.96,10526.6975,11375.2725
2020-10-12,11375.1175,11730.81,11188.1575,11513.1325
2020-10-19,11513.305,13358.31,11415.9425,13042.115
2020-10-26,13042.86,14095.095,12785.0975,13768.1925
2020-11-02,13768.7125,15971.91,13219.33,15484.175
2020-11-09,15483.03,16492.71,14821.125,15969.7475
2020-11-16,15970.3225,18978.125,15880.955,18442.9925
2020-11-23,18440.27,19499.825,16210.25,18197.3175
2020-11-30,18201.185,19930.2625,17817.1475,19382.2675
2020-12-07,19379.3375,19432.1425,17575.405,19164.8025
2020-12-14,19160.14,24298.685,18987.4775,23478.995
2020-12-21,23477.04,28378.285,21894.5975,26259.1225
2020-12-28,26244.505,34789.25,25840.645,33096.3175
2021-01-04,33087.9125,41993.84,27741.085,38173.345
2021-01-11,38170.4125,40117.0575,30228.2825,35822.635
2021-01-18,35821.3125,37881.4775,28876.7525,32291.01
2021-01-25,32293.7375,38619.21,29188.3475,33138.715
2021-02-01,33128.5375,41002.87,32328.07,38868.57
2021-02-08,38877.0325,49703.665,38060.915,48660.45
2021-02-15,48652.725,58385.435,45805.93,57492.04
2021-02-22,57489.645,57579.39,43022.665,45238.64
2021-03-01,45247.535,52664.005,45039.19,50977.285
2021-03-08,50978.235,61769.97,49328.4025,58997.37
2021-03-15,58976.94,60584.4475,53045.1725,57378.6275
2021-03-22,57389.9675,58433.005,50372.0775,55786.5525
2021-03-29,55787.1175,60070.765,54900.1275,58210.9525
2021-04-05,58211.5525,61207.0475,55437.9825,59975.28
2021-04-12,59980.3525,64898.555,51120.145,56271.87
2021-04-19,56257.9175,57613.09,47012.0525,49123.22
2021-04-26,49123.6625,58544.5525,48817.06,56625.7675
2021-05-03,56617.0825,59551.37,52946.1525,58303.4025
2021-05-10,58324.56,59594.7475,43779.675,46456.4725
2021-05-17,46453.9,46645.2125,29641.5,34730.7875
2021-05-24,34737.5725,40889.7,33397.8725,35676.71
2021-05-31,35670.66,39484.6825,34194.55,35803.195
2021-06-07,35802.6825,39396.4125,31011.84,39026.525
2021-06-14,39026.76,41346.485,33346.765,35592.295
2021-06-21,35593.3025,35749.11,28754.4,34690.9775
2021-06-28,34706.3675,36650.9475,32706.545,35293.315
2021-07-05,35283.9775,35287.76,32106.4,34251.9575
2021-07-12,34265.07,34670.7275,31028.84,31784.15
2021-07-19,31789.0925,35446.245,29292.725,35428.2675
2021-07-26,35430.06,42604.7975,35263.77,39867.6725
2021-08-02,39872.8,45363.41,37316.515,43842.615
2021-08-09,43835.855,48178.0075,42818.5,47022.2825
2021-08-16,47021.725,49814.37,43948.2675,49288.8975
2021-08-23,49291.6275,50526.825,46299.31,48800.0725
2021-08-30,48794.5675,51898.5725,46536.1875,51791.6375
2021-09-06,51791.6625,52935.0525,42582.695,46038.8925
2021-09-13,46040.8925,48817.1475,43409.975,47249.3475
2021-09-20,47252.6175,47335.07,39585.5525,43194.81
2021-09-27,43171.7475,49260.6875,40759.145,48235.595
2021-10-04,48232.78,56533.9,46909.795,54696.93
2021-10-11,54677.15,62910.11,53928.4425,61532.1675
2021-10-18,61527.5475,66998.105,59515.2225,60875.2975
2021-10-25,60862.76,63715.95,57381.72,61357.63
2021-11-01,61359.0625,64311.5,59484.82,63312.7675
2021-11-08,63313.0675,68997.75,62442.585,65502.47
2021-11-15,65502.4725,66354.41,55174.75,58794.32
2021-11-22,58689.245,59422.46,53479.41,57322.77
2021-11-29,57319.83,59200.38,41631.28,49409.58
2021-12-06,49341.93,51935.25,47009.3,50112.02
2021-12-13,50020.94,50164.22,45549.31,46724.12
2021-12-20,46589.44,51816,45593.54,50801.7
2021-12-27,50818.91,52103.63,45628.36,47323.62
2022-01-03,47274.71,47577.04,40563.57,41865.65
2022-01-10,41883.5,44443.4,39896.66,43108.81
2022-01-17,43077.48,43489.52,34115.29,36292.06
2022-01-24,36172.62,38781.63,32992.55,37929.9
2022-01-31,37913.28,42701.89,36266.35,42417.63
2022-02-07,42419.63,45866.71,41688.55,42073.76
2022-02-14,42074.56,44776.3,37994.3,38386.55
2022-02-21,38391.53,40308.98,34329.29,37711.29
2022-02-28,37712.31,45352.71,37460.14,38423
2022-03-07,38412.97,42592.68,37166.86,37790.82
2022-03-14,37785.75,42403.4,37572.55,41277.41
2022-03-21,41291.68,46953.03,40516.26,46856.67
2022-03-28,46852.57,48222.96,44245.62,46415.99
2022-04-04,46420.72,47193.33,41869.98,42155.88
2022-04-11,42161.99,42417.74,39219.44,39687.65
2022-04-18,39674.59,43003.88,38556.58,39465.69
2022-04-25,39460.95,40794.44,37403.24,38479.3
2022-05-02,38475.51,40032.42,33707.22,34027.56
2022-05-09,34035.88,34225.88,25365.62,31293.29
2022-05-16,31287.47,31288.29,28602.82,30264.11
2022-05-23,30260.6,30630.21,27877.5,29449.54
2022-05-30,29451.01,32384.54,29239.09,29899.4
2022-06-06,29902.42,31737.04,26517.39,26565.12
2022-06-13,26546.5,26849.82,17585.31,20552.98
2022-06-20,20550.63,21867.79,19616.49,21029.53
2022-06-27,21026.47,21517.84,18608.03,19292.67
2022-07-04,19294.22,22468.69,19032.26,20843.12
2022-07-11,20845.93,21665.08,18901.64,20793.29
2022-07-18,20790.02,24277.96,20761.84,22586.22
2022-07-25,22586.23,24675.03,20709.26,23315.95
2022-08-01,23304.94,23645.97,22402.03,23181.62
2022-08-08,23179.86,25045.61,22675.92,24314.02
2022-08-15,24315.41,25207.71,20765.5,21495.97
2022-08-22,21519.23,21902.85,19522.36,19550.11
2022-08-29,19553.98,20573.94,19548.34,20004.08
2022-09-05,20006.61,21861.88,18535.47,21839.13
2022-09-12,21834.42,22792.25,19322.35,19420.94
2022-09-19,19421.18,19910.47,18152.13,18808.52
2022-09-26,18807.41,20381.29,18478.88,19057.33
2022-10-03,19061.28,20470.34,18972.41,19445.94
2022-10-10,19442.08,19946.71,18160.71,19263.43
2022-10-17,19262.52,19699.91,18660.53,19572.38
2022-10-24,19573.54,21077.68,19163.48,20628.62
2022-10-31,20628.02,21473.69,20041.07,20914.74
2022-11-07,20906.7,21069.48,15563.5,16309.05
2022-11-14,16302.19,17149,15791.2,16255.15
2022-11-21,16253.6,16792.07,15473.78,16423.94
2022-11-28,16420.78,17296.93,16000.41,17113.75
2022-12-05,17109,17430.54,16701.15,17089.92
2022-12-12,17089.14,18376.59,16546.38,16745.81
2022-12-19,16744.57,17043.67,16270.67,16828.91
2022-12-26,16829.53,16964.08,16332.92,16613.48
2023-01-02,16613.59,17164.44,16549.51,17124.86
2023-01-09,17126.45,21367.25,17106.94,20884.18
2023-01-16,20877.28,23380.23,20384.36,22717.7
2023-01-23,22715.43,23955.86,22328.42,23750.97
2023-01-30,23747.5,24264.14,22505.55,22938.34
2023-02-06,22939.02,23445.5,21463.12,21787.3
2023-02-13,21787.57,25262.85,21370.29,24288.51
2023-02-20,24283.39,25259.72,22747.36,23558.98
2023-02-27,23559.27,23987.86,21997.01,22428.98
2023-03-06,22428.86,22598.04,19559.36,22243.34
2023-03-13,22248.46,28473.58,21944.36,28051.94
2023-03-20,28068.32,28919.3,26670.82,28001
2023-03-27,27995.81,29182.1,26527.13,28189.84
2023-04-03,28187.21,28786.04,27231.58,28336.98
2023-04-10,28343.16,31046.25,28175.97,30325.58
2023-04-17,30324.12,30490.7,27144.01,27596.46
2023-04-24,27596.46,30039.06,26972.79,29248.47
2023-05-01,29250.13,29870.31,27665.95,28594.28
2023-05-08,28596.43,28813.39,25823.6,26930.75
2023-05-15,26931.05,27673.93,26373.38,26753.31
2023-05-22,26753.38,28264.89,25873.34,28082.01
2023-05-29,28082.01,28462.73,26509.53,27123.99
2023-06-05,27120.98,27392.77,25350.48,25940.01
2023-06-12,25939.77,26804.75,24770.53,26342.29
2023-06-19,26341.04,31441.74,26266.18,30473.14
2023-06-26,30473.86,31280.48,29452.19,30625.3
2023-07-03,30626.82,31552.28,29721.72,30174.62
2023-07-10,30175.34,31829,29940.08,30250.49
2023-07-17,30248.97,30419.8,29522.25,30092.75
2023-07-24,30091.5,30102.82,28874,29288.27
2023-07-31,29288.05,30033.5,28612,29053.48
2023-08-07,29053.25,30226.5,28669.11,29289.76
2023-08-14,29288.97,29667.77,25253.44,26196.16
2023-08-21,26195.97,26809.42,25361.73,26097.39
2023-08-28,26096.39,28167.47,25328.92,25972.31
2023-09-04,25972.81,26451.56,25393.3,25839.44
2023-09-11,25837.44,26892.09,24915.5,26538.19
2023-09-18,26536.71,27497.13,26153.72,26262.39
2023-09-25,26252.14,28077.13,26000.2,27995.39
2023-10-02,27998.64,28597.22,27173.87,27932.56
2023-10-09,27931.31,27996.38,26541.83,27174.56
2023-10-16,27171.56,30359.58,27126.96,30004.11
2023-10-23,30005.36,35194.81,29906.47,34538.5
2023-10-30,34541.25,35971.45,34067.72,35051.1
2023-11-06,35047.72,37980.5,34534.67,37067.98
2023-11-13,37067.6,37965.5,34801.41,37390.02
2023-11-20,37394.49,38433.48,35647.25,37458.92
2023-11-27,37460.23,40179.6,36723.53,39972.23
2023-12-04,39976.73,44720.5,39851.65,43794.17
2023-12-11,43796.42,43815.8,40132,41362.47
2023-12-18,41360.25,44426.69,40511.23,43028.98
2023-12-25,43023.73,43821.05,41302.65,42278.29
2024-01-01,42279.67,45920.31,40490.92,43942.3
2024-01-08,43941.36,48975.07,41482.49,41715.61
2024-01-15,41709.56,43572.88,40276.87,41586.94
2024-01-22,41583.43,42819.52,38524,42032.37
2024-01-29,42032.89,43862.55,41807.54,42578.24
2024-02-05,42578.8,48576.25,42244.23,48311.33
2024-02-12,48317.79,52829.25,47694.17,52127.48
2024-02-19,52135.18,52971.7,50428.75,51725.45
2024-02-26,51731.94,64005.2,50907.81,63148.92
2024-03-04,63146.76,70055.5,59173.92,69012.3
2024-03-11,69008.98,73757.39,64543.75,68376.06
2024-03-18,68375.97,68918.5,60794.84,67216.71
2024-03-25,67225.2,71725.44,66406.06,71320.68
2024-04-01,71316.8,71322.4,64457.83,69359.11
2024-04-08,69353.84,72756.63,61054.5,65754.76
2024-04-15,65745.64,66903.88,59635.83,64966.88
2024-04-22,64966.98,67467.93,62398.9,63134.46
2024-04-29,63136.72,64745.03,56522.25,64072.99
2024-05-06,64081.74,65541.11,60182.55,61492.91
2024-05-13,61502.9,67785.23,60783.93,66284.51
2024-05-20,66278.88,71939.1,66102.01,68506.03
2024-05-27,68490.05,70623.35,66635.22,67758.16
2024-06-03,67754.09,71943.26,67604.98,69643.44
2024-06-10,69646.25,70161.76,65026,66640.79
2024-06-17,66639.6,67275.99,63181.94,63198.38
2024-06-24,63197.37,63346.18,58468.32,62722.89
2024-07-01,62723.14,63826.29,53458.05,55891.87
2024-07-08,55896.25,61440.29,54344.06,60846.86
2024-07-15,60843.74,68384,60724.02,68185.35
2024-07-22,68189.34,69437.36,63448.99,68294.33
2024-07-29,68287.83,70040.75,57188.58,58148.99
2024-08-05,58143.6,62738.56,49217,58745.55
2024-08-12,58742.29,61826.9,56148.93,58469.35
2024-08-19,58468.93,65105.95,57865.2,64290.76
2024-08-26,64287.03,64511.47,57237,57349.8
2024-09-02,57335.93,59844.43,52600.25,54903.73
2024-09-09,54908.25,60681.85,54620.72,59170.86
2024-09-16,59166.2,64137.17,57526.43,63604.72
2024-09-23,63608.9,66524.45,62620.32,65643.25
2024-09-30,65643.53,65657.01,59884.72,62832.04
2024-10-07,62836.58,64461.08,58890.48,62878.8
2024-10-14,62879.95,69365,62485.67,69020.34
2024-10-21,69020.34,69504.7,65153.38,67964.35
2024-10-28,67964.12,73581.22,67479.18,68757.97
2024-11-04,68757.27,81499.25,66824.44,80410.55
2024-11-11,80410.75,93432.75,80275.31,89860.17
2024-11-18,89859.03,99661,89416.16,97964.32
2024-11-25,97962.29,98883.75,90767.9,97290.95
2024-12-02,97282.54,103915.63,91186.97,101197.25
2024-12-09,101193.25,105062.25,94208.17,104392.49
2024-12-16,104409.11,108287.62,92190.17,95122.16
2024-12-23,95123.26,99872.45,92458.23,93653.84
2024-12-30,93655.34,98959.23,91384.7,98344.63
2025-01-06,98361.24,102753.82,91250.13,94509.13
2025-01-13,94509.06,106306.26,89224.11,101234.81
2025-01-20,101227.45,109354,99469.57,102598.13
2025-01-27,102598.7,106466.54,96161.75,97661.91
2025-02-03,97660.63,102514.71,91341.25,96510.21
2025-02-10,96525.37,98852.03,94166.73,96163.25
2025-02-17,96146.75,99520.16,93407.68,96320.35
2025-02-24,96320.91,96537.35,78300.2,94322.37
2025-03-03,94327.62,94468.05,80061.68,80760.79
2025-03-10,80775.03,85344.58,76702.93,82619.12
2025-03-17,82622.63,87504.69,81198.75,86130.11
2025-03-24,86132.36,88798.66,81608.15,82404.35
2025-03-31,82406.1,88656.43,77086.92,78379.29
2025-04-07,78393.74,86060.97,74441.2,83710.02
2025-04-14,83735.97,86447.1,83111.76,85136.11
2025-04-21,85131.83,95871.26,85090,93787.64
2025-04-28,93787.14,97921.64,92902.11,94398.66
2025-05-05,94394.91,104961.43,93450.2,104118.91
2025-05-12,104118.65,106637.44,100762.58,106487.27
2025-05-19,106493.59,111965.8,102085.25,109004.27
2025-05-26,109023.2,110765.26,103129,105686.34
2025-06-02,105689.33,106843.92,100430.75,105790.15
2025-06-09,105782.4,110617.03,102758.58,105634.41
2025-06-16,105633.43,108986.15,98330.3,101049.94
2025-06-23,101036.19,108536.68,99728.02,108381.91
2025-06-30,108385.69,110598.55,105159.03,109263.55
2025-07-07,109258.05,119447.75,107509.83,119076.98
2025-07-14,119080.75,123181.77,115739.64,117302.7
2025-07-21,117271.17,120271.13,114700.28,119492.38
2025-07-28,119506.16,119836.23,111982.45,114278.96
2025-08-04,114268.7,119338.12,112657.96,119319.44
2025-08-11,119319.94,124277.5,116816.56,117489.98
2025-08-18,117481.22,117622.28,110799.55,113528.03
2025-08-25,113538.78,113697.53,107412.82,108296.74
2025-09-01,108299.01,113421.03,107286.25,110836.48